Batsman,Result,TeamState,n,Reviews
A Lyth,Struck down,Batting,1,1
A Lyth,Struck down,Bowling,1,1
A Mukund,Struck down,Batting,1,1
A Nortje,Struck down,Batting,1,3
A Nortje,Upheld,Batting,2,3
A Nortje,Upheld,Bowling,1,1
AB Barath,Struck down,Batting,3,3
AB Barath,Struck down,Bowling,2,2
AB de Villiers,Struck down,Batting,6,10
AB de Villiers,Struck down,Bowling,16,17
AB de Villiers,Upheld,Batting,4,10
AB de Villiers,Upheld,Bowling,1,17
AB Fudadin,Upheld,Bowling,1,1
Abdur Rehman,Struck down,Batting,1,1
Abdur Rehman,Struck down,Bowling,1,1
Abid Ali,Struck down,Batting,2,3
Abid Ali,Struck down,Bowling,1,1
Abid Ali,Umpire's call,Batting,1,3
Abu Jayed,Struck down,Bowling,2,2
AC Agar,Upheld,Bowling,1,1
AC Voges,Struck down,Batting,2,5
AC Voges,Struck down,Bowling,6,6
AC Voges,Upheld,Batting,3,5
AD Hales,Struck down,Batting,3,3
AD Hales,Struck down,Bowling,2,2
AD Mathews,Struck down,Batting,9,12
AD Mathews,Struck down,Bowling,14,18
AD Mathews,Umpire's call,Batting,2,12
AD Mathews,Umpire's call,Bowling,2,18
AD Mathews,Upheld,Batting,1,12
AD Mathews,Upheld,Bowling,2,18
Adnan Akmal,Struck down,Batting,2,3
Adnan Akmal,Upheld,Batting,1,3
AG Cremer,Struck down,Batting,1,2
AG Cremer,Struck down,Bowling,1,1
AG Cremer,Upheld,Batting,1,2
AG Prince,Struck down,Bowling,1,1
Ahmed Shehzad,Struck down,Batting,3,4
Ahmed Shehzad,Struck down,Bowling,3,3
Ahmed Shehzad,Upheld,Batting,1,4
AJ Doolan,Struck down,Bowling,1,1
AJ Finch,Struck down,Batting,1,1
AJ Finch,Struck down,Bowling,1,1
AJ Strauss,Struck down,Batting,4,4
AJ Strauss,Struck down,Bowling,2,5
AJ Strauss,Upheld,Bowling,3,5
AK Markram,Struck down,Batting,2,3
AK Markram,Struck down,Bowling,7,7
AK Markram,Umpire's call,Batting,1,3
AL Phehlukwayo,Struck down,Batting,1,1
AM Rahane,Struck down,Batting,5,12
AM Rahane,Struck down,Bowling,7,10
AM Rahane,Umpire's call,Batting,2,12
AM Rahane,Umpire's call,Bowling,1,10
AM Rahane,Upheld,Batting,5,12
AM Rahane,Upheld,Bowling,2,10
AN Cook,Struck down,Batting,7,13
AN Cook,Struck down,Bowling,24,33
AN Cook,Umpire's call,Bowling,1,33
AN Cook,Upheld,Batting,6,13
AN Cook,Upheld,Bowling,8,33
AN Petersen,Struck down,Batting,4,7
AN Petersen,Struck down,Bowling,7,9
AN Petersen,Upheld,Batting,3,7
AN Petersen,Upheld,Bowling,2,9
ARS Silva,Struck down,Batting,1,1
ARS Silva,Struck down,Bowling,2,4
ARS Silva,Upheld,Bowling,2,4
AS Joseph,Struck down,Bowling,1,1
AS Joseph,Upheld,Batting,1,1
Asad Shafiq,Struck down,Batting,12,16
Asad Shafiq,Struck down,Bowling,17,24
Asad Shafiq,Umpire's call,Batting,1,16
Asad Shafiq,Upheld,Batting,3,16
Asad Shafiq,Upheld,Bowling,7,24
Asghar Afghan,Upheld,Batting,1,1
AU Rashid,Struck down,Batting,2,4
AU Rashid,Struck down,Bowling,3,7
AU Rashid,Umpire's call,Batting,1,4
AU Rashid,Umpire's call,Bowling,1,7
AU Rashid,Upheld,Batting,1,4
AU Rashid,Upheld,Bowling,3,7
AY Patel,Struck down,Batting,2,3
AY Patel,Struck down,Bowling,2,2
AY Patel,Umpire's call,Batting,1,3
Azhar Ali,Struck down,Batting,7,17
Azhar Ali,Struck down,Bowling,25,31
Azhar Ali,Umpire's call,Batting,3,17
Azhar Ali,Umpire's call,Bowling,1,31
Azhar Ali,Upheld,Batting,7,17
Azhar Ali,Upheld,Bowling,5,31
B Chari,Upheld,Bowling,1,1
B Kumar,Struck down,Bowling,1,1
BA Stokes,Struck down,Batting,4,7
BA Stokes,Struck down,Bowling,18,31
BA Stokes,Umpire's call,Batting,1,7
BA Stokes,Umpire's call,Bowling,6,31
BA Stokes,Upheld,Batting,2,7
BA Stokes,Upheld,Bowling,7,31
Babar Azam,Struck down,Batting,2,6
Babar Azam,Struck down,Bowling,5,6
Babar Azam,Umpire's call,Bowling,1,6
Babar Azam,Upheld,Batting,4,6
BAW Mendis,Struck down,Batting,1,1
BB Chari,Struck down,Batting,1,3
BB Chari,Struck down,Bowling,2,3
BB Chari,Upheld,Batting,2,3
BB Chari,Upheld,Bowling,1,3
BB McCullum,Struck down,Batting,10,12
BB McCullum,Struck down,Bowling,11,14
BB McCullum,Umpire's call,Bowling,1,14
BB McCullum,Upheld,Batting,2,12
BB McCullum,Upheld,Bowling,2,14
Bilal Asif,Struck down,Bowling,1,1
Bilal Asif,Upheld,Batting,2,2
Bilawal Bhatti,Struck down,Bowling,1,2
Bilawal Bhatti,Upheld,Bowling,1,2
BJ Haddin,Struck down,Batting,5,6
BJ Haddin,Struck down,Bowling,7,8
BJ Haddin,Upheld,Batting,1,6
BJ Haddin,Upheld,Bowling,1,8
BJ Watling,Struck down,Batting,5,13
BJ Watling,Struck down,Bowling,13,17
BJ Watling,Upheld,Batting,8,13
BJ Watling,Upheld,Bowling,4,17
BKG Mendis,Struck down,Batting,4,7
BKG Mendis,Struck down,Bowling,10,13
BKG Mendis,Umpire's call,Batting,1,7
BKG Mendis,Upheld,Batting,2,7
BKG Mendis,Upheld,Bowling,3,13
BM Duckett,Struck down,Bowling,1,1
BOP Fernando,Struck down,Bowling,1,2
BOP Fernando,Upheld,Batting,1,1
BOP Fernando,Upheld,Bowling,1,2
BRM Taylor,Struck down,Bowling,3,3
BT Foakes,Umpire's call,Bowling,1,2
BT Foakes,Upheld,Batting,1,1
BT Foakes,Upheld,Bowling,1,2
BW Hilfenhaus,Upheld,Batting,1,1
C de Grandhomme,Struck down,Batting,2,5
C de Grandhomme,Struck down,Bowling,4,6
C de Grandhomme,Upheld,Batting,3,5
C de Grandhomme,Upheld,Bowling,2,6
C Overton,Struck down,Batting,1,3
C Overton,Struck down,Bowling,1,1
C Overton,Umpire's call,Batting,1,3
C Overton,Upheld,Batting,1,3
CA Pujara,Struck down,Batting,1,7
CA Pujara,Struck down,Bowling,11,15
CA Pujara,Umpire's call,Batting,1,7
CA Pujara,Umpire's call,Bowling,1,15
CA Pujara,Upheld,Batting,5,7
CA Pujara,Upheld,Bowling,3,15
CAK Rajitha,Struck down,Batting,1,1
CAK Rajitha,Struck down,Bowling,1,2
CAK Rajitha,Umpire's call,Bowling,1,2
CB Mpofu,Struck down,Bowling,2,2
CBRLS Kumara,Struck down,Batting,1,1
CBRLS Kumara,Upheld,Bowling,1,1
CFK van Wyk,Struck down,Batting,1,2
CFK van Wyk,Struck down,Bowling,4,4
CFK van Wyk,Upheld,Batting,1,2
CH Gayle,Struck down,Batting,1,1
CH Gayle,Struck down,Bowling,5,6
CH Gayle,Upheld,Bowling,1,6
CH Morris,Struck down,Bowling,1,1
CJ Anderson,Struck down,Batting,2,2
CJ Anderson,Struck down,Bowling,3,4
CJ Anderson,Upheld,Bowling,1,4
CJ Jordan,Struck down,Batting,3,3
CJ Jordan,Struck down,Bowling,1,1
CJL Rogers,Struck down,Batting,3,7
CJL Rogers,Struck down,Bowling,8,9
CJL Rogers,Upheld,Batting,4,7
CJL Rogers,Upheld,Bowling,1,9
CK Tshuma,Struck down,Batting,1,1
CR Ervine,Struck down,Batting,3,6
CR Ervine,Struck down,Bowling,1,2
CR Ervine,Umpire's call,Batting,1,6
CR Ervine,Umpire's call,Bowling,1,2
CR Ervine,Upheld,Batting,2,6
CR Woakes,Struck down,Batting,5,8
CR Woakes,Struck down,Bowling,6,6
CR Woakes,Umpire's call,Batting,1,8
CR Woakes,Upheld,Batting,2,8
CS Baugh,Struck down,Batting,3,5
CS Baugh,Struck down,Bowling,4,6
CS Baugh,Upheld,Batting,2,5
CS Baugh,Upheld,Bowling,2,6
CT Bancroft,Struck down,Batting,1,2
CT Bancroft,Struck down,Bowling,2,3
CT Bancroft,Umpire's call,Batting,1,2
CT Bancroft,Upheld,Bowling,1,3
CT Mumba,Struck down,Batting,1,1
CT Tremlett,Struck down,Bowling,1,1
D Bishoo,Struck down,Batting,1,2
D Bishoo,Struck down,Bowling,4,5
D Bishoo,Upheld,Batting,1,2
D Bishoo,Upheld,Bowling,1,5
D Elgar,Struck down,Batting,5,7
D Elgar,Struck down,Bowling,7,9
D Elgar,Upheld,Batting,2,7
D Elgar,Upheld,Bowling,2,9
D Olivier,Struck down,Bowling,1,2
D Olivier,Umpire's call,Batting,1,1
D Olivier,Upheld,Bowling,1,2
D Pretorius,Struck down,Bowling,1,1
D Ramdin,Struck down,Batting,3,3
D Ramdin,Struck down,Bowling,4,5
D Ramdin,Upheld,Bowling,1,5
DA Warner,Struck down,Batting,7,11
DA Warner,Struck down,Bowling,22,26
DA Warner,Umpire's call,Batting,1,11
DA Warner,Upheld,Batting,3,11
DA Warner,Upheld,Bowling,4,26
DAJ Bracewell,Struck down,Batting,2,6
DAJ Bracewell,Struck down,Bowling,5,5
DAJ Bracewell,Umpire's call,Batting,1,6
DAJ Bracewell,Upheld,Batting,3,6
DAS Gunaratne,Struck down,Bowling,2,2
DG Brownlie,Struck down,Batting,1,2
DG Brownlie,Struck down,Bowling,1,2
DG Brownlie,Upheld,Batting,1,2
DG Brownlie,Upheld,Bowling,1,2
DJ Bravo,Struck down,Batting,1,1
DJ Malan,Struck down,Bowling,8,9
DJ Malan,Umpire's call,Batting,2,3
DJ Malan,Upheld,Batting,1,3
DJ Malan,Upheld,Bowling,1,9
DJ Mitchell,Struck down,Batting,1,1
DJG Sammy,Struck down,Batting,3,3
DJG Sammy,Struck down,Bowling,1,2
DJG Sammy,Upheld,Bowling,1,2
DL Vettori,Struck down,Bowling,1,1
DM Bess,Struck down,Bowling,1,3
DM Bess,Umpire's call,Bowling,1,3
DM Bess,Upheld,Bowling,1,3
DM Bravo,Struck down,Batting,7,9
DM Bravo,Struck down,Bowling,8,9
DM Bravo,Upheld,Batting,2,9
DM Bravo,Upheld,Bowling,1,9
DM de Silva,Struck down,Batting,2,6
DM de Silva,Struck down,Bowling,3,9
DM de Silva,Umpire's call,Bowling,1,9
DM de Silva,Upheld,Batting,4,6
DM de Silva,Upheld,Bowling,5,9
DP Sibley,Struck down,Batting,3,5
DP Sibley,Struck down,Bowling,3,6
DP Sibley,Umpire's call,Bowling,3,6
DP Sibley,Upheld,Batting,2,5
DPMD Jayawardene,Struck down,Batting,5,7
DPMD Jayawardene,Struck down,Bowling,7,8
DPMD Jayawardene,Upheld,Batting,2,7
DPMD Jayawardene,Upheld,Bowling,1,8
DR Flynn,Struck down,Batting,1,1
DR Flynn,Struck down,Bowling,1,1
DS Smith,Struck down,Batting,1,1
DS Smith,Struck down,Bowling,3,4
DS Smith,Upheld,Bowling,1,4
DW Steyn,Struck down,Bowling,4,4
DW Steyn,Umpire's call,Batting,1,2
DW Steyn,Upheld,Batting,1,2
Ebadat Hossain,Struck down,Batting,1,1
EJG Morgan,Struck down,Batting,1,2
EJG Morgan,Struck down,Bowling,1,3
EJG Morgan,Upheld,Batting,1,2
EJG Morgan,Upheld,Bowling,2,3
EJM Cowan,Struck down,Batting,3,3
EJM Cowan,Struck down,Bowling,1,1
F du Plessis,Struck down,Batting,11,18
F du Plessis,Struck down,Bowling,17,26
F du Plessis,Umpire's call,Batting,2,18
F du Plessis,Umpire's call,Bowling,4,26
F du Plessis,Upheld,Batting,5,18
F du Plessis,Upheld,Bowling,5,26
Fakhar Zaman,Struck down,Batting,1,1
Fakhar Zaman,Struck down,Bowling,1,1
Fawad Alam,Upheld,Bowling,1,1
FDM Karunaratne,Struck down,Batting,12,20
FDM Karunaratne,Struck down,Bowling,18,18
FDM Karunaratne,Umpire's call,Batting,4,20
FDM Karunaratne,Upheld,Batting,4,20
GC Smith,Struck down,Batting,3,5
GC Smith,Struck down,Bowling,10,15
GC Smith,Umpire's call,Bowling,1,15
GC Smith,Upheld,Batting,2,5
GC Smith,Upheld,Bowling,4,15
GC Viljoen,Struck down,Batting,1,1
GC Wilson,Upheld,Bowling,1,1
GD Phillips,Struck down,Batting,1,1
GF Linde,Struck down,Bowling,1,1
GH Vihari,Struck down,Batting,2,4
GH Vihari,Struck down,Bowling,3,4
GH Vihari,Umpire's call,Bowling,1,4
GH Vihari,Upheld,Batting,2,4
GJ Bailey,Struck down,Bowling,1,2
GJ Bailey,Upheld,Bowling,1,2
GJ Batty,Struck down,Batting,2,2
GJ Maxwell,Struck down,Batting,2,2
GP Swann,Struck down,Batting,2,3
GP Swann,Struck down,Bowling,4,5
GP Swann,Upheld,Batting,1,3
GP Swann,Upheld,Bowling,1,5
GS Ballance,Struck down,Batting,1,2
GS Ballance,Struck down,Bowling,5,7
GS Ballance,Upheld,Batting,1,2
GS Ballance,Upheld,Bowling,2,7
H Hameed,Struck down,Batting,1,1
H Hameed,Struck down,Bowling,2,2
H Masakadza,Struck down,Batting,3,5
H Masakadza,Struck down,Bowling,4,6
H Masakadza,Umpire's call,Bowling,1,6
H Masakadza,Upheld,Batting,2,5
H Masakadza,Upheld,Bowling,1,6
HAPW Jayawardene,Struck down,Batting,2,4
HAPW Jayawardene,Struck down,Bowling,4,7
HAPW Jayawardene,Upheld,Batting,2,4
HAPW Jayawardene,Upheld,Bowling,3,7
Haris Sohail,Struck down,Batting,1,2
Haris Sohail,Umpire's call,Batting,1,2
Haris Sohail,Umpire's call,Bowling,1,2
Haris Sohail,Upheld,Bowling,1,2
Hasan Ali,Struck down,Bowling,1,1
Hashmatullah Shahidi,Struck down,Batting,1,2
Hashmatullah Shahidi,Upheld,Batting,1,2
HD Rutherford,Struck down,Batting,1,2
HD Rutherford,Upheld,Batting,1,2
HDRL Thirimanne,Struck down,Batting,2,7
HDRL Thirimanne,Struck down,Bowling,3,5
HDRL Thirimanne,Upheld,Batting,5,7
HDRL Thirimanne,Upheld,Bowling,2,5
HE van der Dussen,Struck down,Bowling,1,2
HE van der Dussen,Umpire's call,Batting,1,4
HE van der Dussen,Umpire's call,Bowling,1,2
HE van der Dussen,Upheld,Batting,3,4
HG Kuhn,Struck down,Bowling,3,3
HH Pandya,Struck down,Batting,1,3
HH Pandya,Struck down,Bowling,2,3
HH Pandya,Upheld,Batting,2,3
HH Pandya,Upheld,Bowling,1,3
HM Amla,Struck down,Batting,3,10
HM Amla,Struck down,Bowling,16,25
HM Amla,Umpire's call,Batting,1,10
HM Amla,Umpire's call,Bowling,3,25
HM Amla,Upheld,Batting,6,10
HM Amla,Upheld,Bowling,6,25
HM Nicholls,Struck down,Batting,4,10
HM Nicholls,Struck down,Bowling,5,8
HM Nicholls,Umpire's call,Batting,2,10
HM Nicholls,Umpire's call,Bowling,1,8
HM Nicholls,Upheld,Batting,4,10
HM Nicholls,Upheld,Bowling,2,8
HMRKB Herath,Struck down,Batting,12,20
HMRKB Herath,Struck down,Bowling,9,11
HMRKB Herath,Upheld,Batting,8,20
HMRKB Herath,Upheld,Bowling,2,11
I Sharma,Struck down,Batting,2,8
I Sharma,Struck down,Bowling,3,4
I Sharma,Umpire's call,Batting,1,8
I Sharma,Upheld,Batting,5,8
I Sharma,Upheld,Bowling,1,4
Ibrahim Zadran,Struck down,Bowling,1,1
IJL Trott,Struck down,Batting,5,5
IJL Trott,Struck down,Bowling,14,17
IJL Trott,Upheld,Bowling,3,17
Imam-ul-Haq,Struck down,Batting,1,4
Imam-ul-Haq,Struck down,Bowling,1,2
Imam-ul-Haq,Umpire's call,Batting,2,4
Imam-ul-Haq,Upheld,Batting,1,4
Imam-ul-Haq,Upheld,Bowling,1,2
Imran Farhat,Upheld,Batting,1,1
Imrul Kayes,Struck down,Batting,2,3
Imrul Kayes,Struck down,Bowling,2,2
Imrul Kayes,Upheld,Batting,1,3
IR Bell,Struck down,Batting,6,9
IR Bell,Struck down,Bowling,9,14
IR Bell,Upheld,Batting,3,9
IR Bell,Upheld,Bowling,5,14
IS Sodhi,Struck down,Batting,2,2
IS Sodhi,Struck down,Bowling,2,2
J Blackwood,Struck down,Batting,3,8
J Blackwood,Struck down,Bowling,10,12
J Blackwood,Umpire's call,Bowling,1,12
J Blackwood,Upheld,Batting,5,8
J Blackwood,Upheld,Bowling,1,12
J Da Silva,Struck down,Batting,1,1
J Da Silva,Struck down,Bowling,1,1
J Nyumbu,Struck down,Batting,1,1
J Yadav,Struck down,Bowling,3,3
JA Burns,Struck down,Bowling,3,6
JA Burns,Umpire's call,Batting,1,2
JA Burns,Upheld,Batting,1,2
JA Burns,Upheld,Bowling,3,6
JA Raval,Struck down,Batting,2,4
JA Raval,Struck down,Bowling,5,6
JA Raval,Umpire's call,Batting,2,4
JA Raval,Umpire's call,Bowling,1,6
JA Rudolph,Struck down,Batting,2,3
JA Rudolph,Struck down,Bowling,3,4
JA Rudolph,Umpire's call,Bowling,1,4
JA Rudolph,Upheld,Batting,1,3
JC Archer,Struck down,Batting,2,2
JC Archer,Struck down,Bowling,1,4
JC Archer,Umpire's call,Bowling,1,4
JC Archer,Upheld,Bowling,2,4
JC Buttler,Struck down,Batting,3,15
JC Buttler,Struck down,Bowling,13,14
JC Buttler,Umpire's call,Batting,5,15
JC Buttler,Umpire's call,Bowling,1,14
JC Buttler,Upheld,Batting,7,15
JD Campbell,Struck down,Batting,2,6
JD Campbell,Struck down,Bowling,3,5
JD Campbell,Upheld,Batting,4,6
JD Campbell,Upheld,Bowling,2,5
JD Ryder,Upheld,Bowling,1,1
JDS Neesham,Upheld,Bowling,2,2
JE Root,Struck down,Batting,12,26
JE Root,Struck down,Bowling,27,35
JE Root,Upheld,Batting,14,26
JE Root,Upheld,Bowling,8,35
JE Taylor,Struck down,Batting,1,1
JE Taylor,Struck down,Bowling,2,2
JH Kallis,Struck down,Batting,3,4
JH Kallis,Struck down,Bowling,3,7
JH Kallis,Upheld,Batting,1,4
JH Kallis,Upheld,Bowling,4,7
JJ Bumrah,Struck down,Bowling,1,1
JK Silva,Struck down,Batting,8,11
JK Silva,Struck down,Bowling,3,7
JK Silva,Umpire's call,Bowling,1,7
JK Silva,Upheld,Batting,3,11
JK Silva,Upheld,Bowling,3,7
JL Denly,Struck down,Batting,2,4
JL Denly,Struck down,Bowling,4,8
JL Denly,Umpire's call,Batting,1,4
JL Denly,Umpire's call,Bowling,1,8
JL Denly,Upheld,Batting,1,4
JL Denly,Upheld,Bowling,3,8
JL Pattinson,Struck down,Batting,1,3
JL Pattinson,Upheld,Batting,2,3
JM Anderson,Struck down,Batting,5,7
JM Anderson,Struck down,Bowling,7,11
JM Anderson,Umpire's call,Bowling,1,11
JM Anderson,Upheld,Batting,2,7
JM Anderson,Upheld,Bowling,3,11
JM Bairstow,Struck down,Batting,10,17
JM Bairstow,Struck down,Bowling,20,24
JM Bairstow,Umpire's call,Batting,2,17
JM Bairstow,Upheld,Batting,5,17
JM Bairstow,Upheld,Bowling,4,24
JM Mennie,Struck down,Batting,1,1
JM Mennie,Struck down,Bowling,1,1
JM Vince,Struck down,Batting,1,4
JM Vince,Struck down,Bowling,2,2
JM Vince,Umpire's call,Batting,1,4
JM Vince,Upheld,Batting,2,4
JO Holder,Struck down,Batting,5,9
JO Holder,Struck down,Bowling,7,12
JO Holder,Umpire's call,Batting,1,9
JO Holder,Umpire's call,Bowling,2,12
JO Holder,Upheld,Batting,3,9
JO Holder,Upheld,Bowling,3,12
JP Duminy,Struck down,Batting,7,9
JP Duminy,Struck down,Bowling,9,11
JP Duminy,Upheld,Batting,2,9
JP Duminy,Upheld,Bowling,2,11
JR Hazlewood,Struck down,Batting,2,4
JR Hazlewood,Struck down,Bowling,1,1
JR Hazlewood,Umpire's call,Batting,2,4
Jubair Hossain,Struck down,Batting,1,1
Jubair Hossain,Struck down,Bowling,1,1
Junaid Khan,Struck down,Batting,4,4
JWA Taylor,Struck down,Bowling,1,1
K Mendis,Upheld,Bowling,1,1
K Rabada,Struck down,Batting,4,5
K Rabada,Struck down,Bowling,5,7
K Rabada,Umpire's call,Bowling,1,7
K Rabada,Upheld,Batting,1,5
K Rabada,Upheld,Bowling,1,7
KA Edwards,Struck down,Batting,1,4
KA Edwards,Struck down,Bowling,1,2
KA Edwards,Upheld,Batting,3,4
KA Edwards,Upheld,Bowling,1,2
KA Hope,Struck down,Batting,3,3
KA Hope,Struck down,Bowling,1,2
KA Hope,Umpire's call,Bowling,1,2
KA Jamieson,Struck down,Bowling,1,1
KA Maharaj,Struck down,Batting,3,5
KA Maharaj,Struck down,Bowling,1,4
KA Maharaj,Umpire's call,Batting,1,5
KA Maharaj,Umpire's call,Bowling,1,4
KA Maharaj,Upheld,Batting,1,5
KA Maharaj,Upheld,Bowling,2,4
KAJ Roach,Struck down,Batting,6,9
KAJ Roach,Struck down,Bowling,13,16
KAJ Roach,Umpire's call,Bowling,1,16
KAJ Roach,Upheld,Batting,3,9
KAJ Roach,Upheld,Bowling,2,16
Kamrul Islam Rabbi,Struck down,Batting,1,2
Kamrul Islam Rabbi,Struck down,Bowling,2,2
Kamrul Islam Rabbi,Upheld,Batting,1,2
KC Brathwaite,Struck down,Batting,7,11
KC Brathwaite,Struck down,Bowling,11,14
KC Brathwaite,Umpire's call,Batting,1,11
KC Brathwaite,Umpire's call,Bowling,1,14
KC Brathwaite,Upheld,Batting,3,11
KC Brathwaite,Upheld,Bowling,2,14
KC Sangakkara,Struck down,Batting,2,3
KC Sangakkara,Struck down,Bowling,5,7
KC Sangakkara,Upheld,Batting,1,3
KC Sangakkara,Upheld,Bowling,2,7
KD Karthik,Umpire's call,Batting,1,1
KD Karthik,Umpire's call,Bowling,1,1
KDK Vithanage,Struck down,Batting,1,1
KDK Vithanage,Struck down,Bowling,2,2
Khurram Manzoor,Struck down,Batting,1,1
Khurram Manzoor,Struck down,Bowling,1,1
KJ Abbott,Struck down,Batting,2,2
KJ Abbott,Upheld,Bowling,1,1
KJ O'Brien,Struck down,Bowling,1,1
KK Jennings,Struck down,Batting,2,3
KK Jennings,Struck down,Bowling,4,4
KK Jennings,Upheld,Batting,1,3
KK Nair,Struck down,Bowling,1,2
KK Nair,Upheld,Bowling,1,2
KL Rahul,Struck down,Batting,4,5
KL Rahul,Struck down,Bowling,3,4
KL Rahul,Upheld,Batting,1,5
KL Rahul,Upheld,Bowling,1,4
KM Jarvis,Struck down,Bowling,1,1
KMA Paul,Struck down,Batting,1,1
KMDN Kulasekara,Struck down,Bowling,1,1
KOA Powell,Struck down,Batting,7,11
KOA Powell,Struck down,Bowling,7,10
KOA Powell,Umpire's call,Bowling,1,10
KOA Powell,Upheld,Batting,4,11
KOA Powell,Upheld,Bowling,2,10
KP Pietersen,Struck down,Batting,7,8
KP Pietersen,Struck down,Bowling,9,11
KP Pietersen,Upheld,Batting,1,8
KP Pietersen,Upheld,Bowling,2,11
KR Patterson,Struck down,Batting,1,1
KS Williamson,Struck down,Batting,5,9
KS Williamson,Struck down,Bowling,14,19
KS Williamson,Umpire's call,Batting,3,9
KS Williamson,Umpire's call,Bowling,1,19
KS Williamson,Upheld,Batting,1,9
KS Williamson,Upheld,Bowling,4,19
KTGD Prasad,Struck down,Batting,2,3
KTGD Prasad,Struck down,Bowling,3,3
KTGD Prasad,Upheld,Batting,1,3
Kuldeep Yadav,Struck down,Batting,2,2
L Embuldeniya,Struck down,Batting,2,2
L Embuldeniya,Struck down,Bowling,1,2
L Embuldeniya,Upheld,Bowling,1,2
L Ngidi,Upheld,Bowling,1,1
LA Dawson,Struck down,Batting,1,2
LA Dawson,Struck down,Bowling,1,1
LA Dawson,Upheld,Batting,1,2
LD Chandimal,Struck down,Batting,6,9
LD Chandimal,Struck down,Bowling,19,24
LD Chandimal,Upheld,Batting,3,9
LD Chandimal,Upheld,Bowling,5,24
LE Plunkett,Upheld,Batting,1,1
Liton Das,Struck down,Batting,1,4
Liton Das,Struck down,Bowling,2,5
Liton Das,Upheld,Batting,3,4
Liton Das,Upheld,Bowling,3,5
LR Johnson,Struck down,Batting,2,2
LR Johnson,Struck down,Bowling,1,1
LRPL Taylor,Struck down,Batting,5,11
LRPL Taylor,Struck down,Bowling,14,15
LRPL Taylor,Umpire's call,Batting,2,11
LRPL Taylor,Upheld,Batting,4,11
LRPL Taylor,Upheld,Bowling,1,15
M Labuschagne,Struck down,Batting,3,7
M Labuschagne,Struck down,Bowling,4,5
M Labuschagne,Umpire's call,Batting,1,7
M Labuschagne,Umpire's call,Bowling,1,5
M Labuschagne,Upheld,Batting,3,7
M Morkel,Struck down,Batting,1,2
M Morkel,Struck down,Bowling,2,3
M Morkel,Upheld,Batting,1,2
M Morkel,Upheld,Bowling,1,3
M Vijay,Struck down,Batting,2,6
M Vijay,Struck down,Bowling,7,9
M Vijay,Umpire's call,Batting,1,6
M Vijay,Upheld,Batting,3,6
M Vijay,Upheld,Bowling,2,9
MA Agarwal,Struck down,Batting,2,5
MA Agarwal,Umpire's call,Batting,1,5
MA Agarwal,Umpire's call,Bowling,1,2
MA Agarwal,Upheld,Batting,2,5
MA Agarwal,Upheld,Bowling,1,2
MA Beer,Struck down,Batting,1,1
MA Carberry,Struck down,Bowling,2,2
MA Starc,Struck down,Batting,5,8
MA Starc,Struck down,Bowling,5,9
MA Starc,Upheld,Batting,3,8
MA Starc,Upheld,Bowling,4,9
MA Wood,Struck down,Bowling,1,2
MA Wood,Upheld,Bowling,1,2
Mahmudullah,Struck down,Batting,4,5
Mahmudullah,Struck down,Bowling,8,13
Mahmudullah,Umpire's call,Bowling,3,13
Mahmudullah,Upheld,Batting,1,5
Mahmudullah,Upheld,Bowling,2,13
MD Craig,Struck down,Batting,2,3
MD Craig,Struck down,Bowling,6,6
MD Craig,Upheld,Batting,1,3
MD Gunathilaka,Struck down,Batting,1,2
MD Gunathilaka,Struck down,Bowling,1,2
MD Gunathilaka,Umpire's call,Batting,1,2
MD Gunathilaka,Upheld,Bowling,1,2
MD Shanaka,Struck down,Batting,1,1
MD Stoneman,Struck down,Batting,2,3
MD Stoneman,Struck down,Bowling,2,3
MD Stoneman,Upheld,Batting,1,3
MD Stoneman,Upheld,Bowling,1,3
MDK Perera,Struck down,Batting,12,25
MDK Perera,Struck down,Bowling,10,13
MDK Perera,Umpire's call,Batting,2,25
MDK Perera,Umpire's call,Bowling,1,13
MDK Perera,Upheld,Batting,11,25
MDK Perera,Upheld,Bowling,2,13
MDKJ Perera,Struck down,Bowling,5,5
MDKJ Perera,Umpire's call,Batting,1,1
MDUS Jayasundera,Upheld,Bowling,1,1
Mehedi Hasan Miraz,Struck down,Batting,2,2
Mehedi Hasan Miraz,Upheld,Bowling,1,1
Mehidy Hasan Miraz,Struck down,Batting,2,5
Mehidy Hasan Miraz,Struck down,Bowling,2,4
Mehidy Hasan Miraz,Umpire's call,Batting,1,5
Mehidy Hasan Miraz,Umpire's call,Bowling,1,4
Mehidy Hasan Miraz,Upheld,Batting,2,5
Mehidy Hasan Miraz,Upheld,Bowling,1,4
MEK Hussey,Struck down,Batting,2,5
MEK Hussey,Struck down,Bowling,6,9
MEK Hussey,Upheld,Batting,3,5
MEK Hussey,Upheld,Bowling,3,9
MF Maharoof,Struck down,Batting,1,1
MF Maharoof,Struck down,Bowling,2,2
MG Johnson,Struck down,Batting,1,1
MG Johnson,Struck down,Bowling,3,5
MG Johnson,Upheld,Bowling,2,5
Misbah-ul-Haq,Struck down,Batting,13,17
Misbah-ul-Haq,Struck down,Bowling,22,27
Misbah-ul-Haq,Upheld,Batting,4,17
Misbah-ul-Haq,Upheld,Bowling,5,27
MJ Clarke,Struck down,Batting,4,8
MJ Clarke,Struck down,Bowling,14,16
MJ Clarke,Upheld,Batting,4,8
MJ Clarke,Upheld,Bowling,2,16
MJ Guptill,Struck down,Bowling,8,8
MJ Guptill,Upheld,Batting,1,1
MJ Leach,Struck down,Bowling,1,2
MJ Leach,Upheld,Batting,1,1
MJ Leach,Upheld,Bowling,1,2
MJ North,Struck down,Bowling,1,2
MJ North,Upheld,Bowling,1,2
MJ Prior,Struck down,Batting,3,7
MJ Prior,Struck down,Bowling,7,9
MJ Prior,Upheld,Batting,4,7
MJ Prior,Upheld,Bowling,2,9
MJ Santner,Struck down,Bowling,4,5
MJ Santner,Upheld,Bowling,1,5
ML Cummins,Struck down,Bowling,1,1
ML Cummins,Upheld,Batting,2,2
ML Udawatte,Struck down,Batting,1,1
ML Udawatte,Struck down,Bowling,2,2
MM Ali,Struck down,Batting,5,14
MM Ali,Struck down,Bowling,16,21
MM Ali,Umpire's call,Batting,2,14
MM Ali,Upheld,Batting,7,14
MM Ali,Upheld,Bowling,5,21
MN Samuels,Struck down,Batting,5,9
MN Samuels,Struck down,Bowling,8,8
MN Samuels,Upheld,Batting,4,9
MN Waller,Struck down,Batting,1,1
MN Waller,Struck down,Bowling,2,3
MN Waller,Upheld,Bowling,1,3
Mohammad Abbas,Struck down,Batting,2,3
Mohammad Abbas,Struck down,Bowling,3,5
Mohammad Abbas,Umpire's call,Batting,1,3
Mohammad Abbas,Umpire's call,Bowling,2,5
Mohammad Amir,Struck down,Bowling,4,6
Mohammad Amir,Umpire's call,Batting,3,3
Mohammad Amir,Upheld,Bowling,2,6
Mohammad Hafeez,Struck down,Batting,2,5
Mohammad Hafeez,Struck down,Bowling,8,10
Mohammad Hafeez,Umpire's call,Batting,1,5
Mohammad Hafeez,Upheld,Batting,2,5
Mohammad Hafeez,Upheld,Bowling,2,10
Mohammad Irfan,Struck down,Bowling,2,2
Mohammad Mithun,Struck down,Batting,1,3
Mohammad Mithun,Struck down,Bowling,2,5
Mohammad Mithun,Umpire's call,Bowling,2,5
Mohammad Mithun,Upheld,Batting,2,3
Mohammad Mithun,Upheld,Bowling,1,5
Mohammad Nabi,Upheld,Bowling,1,1
Mohammad Rizwan,Umpire's call,Batting,1,2
Mohammad Rizwan,Upheld,Batting,1,2
Mohammad Salman,Struck down,Batting,1,1
Mohammad Talha,Struck down,Batting,1,1
Mohammad Talha,Struck down,Bowling,1,1
Mohammed Shami,Struck down,Bowling,1,1
Mohammed Shami,Upheld,Batting,1,1
Mominul Haque,Struck down,Batting,6,7
Mominul Haque,Struck down,Bowling,3,5
Mominul Haque,Upheld,Batting,1,7
Mominul Haque,Upheld,Bowling,2,5
Mosaddek Hossain,Struck down,Bowling,2,2
Mosaddek Hossain,Upheld,Batting,1,1
MR Marsh,Struck down,Bowling,9,15
MR Marsh,Umpire's call,Batting,1,4
MR Marsh,Upheld,Batting,3,4
MR Marsh,Upheld,Bowling,6,15
MS Crane,Struck down,Batting,1,1
MS Harris,Struck down,Batting,1,2
MS Harris,Struck down,Bowling,1,1
MS Harris,Umpire's call,Batting,1,2
MS Panesar,Struck down,Batting,2,2
MS Wade,Struck down,Batting,5,12
MS Wade,Struck down,Bowling,9,12
MS Wade,Umpire's call,Batting,2,12
MS Wade,Umpire's call,Bowling,2,12
MS Wade,Upheld,Batting,5,12
MS Wade,Upheld,Bowling,1,12
MT Renshaw,Struck down,Bowling,3,3
MT Renshaw,Upheld,Batting,4,4
Mushfiqur Rahim,Struck down,Batting,3,11
Mushfiqur Rahim,Struck down,Bowling,11,14
Mushfiqur Rahim,Umpire's call,Batting,2,11
Mushfiqur Rahim,Umpire's call,Bowling,1,14
Mushfiqur Rahim,Upheld,Batting,6,11
Mushfiqur Rahim,Upheld,Bowling,2,14
Mustafizur Rahman,Struck down,Batting,2,3
Mustafizur Rahman,Upheld,Batting,1,3
Mustafizur Rahman,Upheld,Bowling,1,1
MV Boucher,Struck down,Batting,2,2
MV Boucher,Struck down,Bowling,1,1
MVT Fernando,Struck down,Batting,1,1
N Deonarine,Struck down,Batting,1,1
N Deonarine,Struck down,Bowling,1,2
N Deonarine,Upheld,Bowling,1,2
N Dickwella,Struck down,Batting,3,8
N Dickwella,Struck down,Bowling,8,9
N Dickwella,Umpire's call,Batting,1,8
N Dickwella,Umpire's call,Bowling,1,9
N Dickwella,Upheld,Batting,4,8
N M'shangwe,Struck down,Batting,1,1
N Pradeep,Struck down,Batting,3,6
N Pradeep,Struck down,Bowling,2,2
N Pradeep,Upheld,Batting,3,6
N Wagner,Struck down,Batting,4,8
N Wagner,Struck down,Bowling,2,2
N Wagner,Upheld,Batting,4,8
Najmul Hossain Shanto,Upheld,Bowling,1,1
Nasir Hossain,Struck down,Batting,1,1
Nasir Hossain,Struck down,Bowling,1,2
Nasir Hossain,Upheld,Bowling,1,2
Nasir Jamshed,Struck down,Batting,1,1
Nasir Jamshed,Struck down,Bowling,1,1
Nayeem Hasan,Struck down,Batting,1,1
Nazmul Hossain Shanto,Upheld,Bowling,1,1
Nazmul Islam,Umpire's call,Batting,1,1
NLTC Perera,Struck down,Batting,1,1
NM Lyon,Struck down,Batting,8,13
NM Lyon,Struck down,Bowling,7,7
NM Lyon,Umpire's call,Batting,1,13
NM Lyon,Upheld,Batting,4,13
NRD Compton,Struck down,Batting,1,2
NRD Compton,Struck down,Bowling,4,6
NRD Compton,Upheld,Batting,1,2
NRD Compton,Upheld,Bowling,2,6
NT Paranavitana,Struck down,Batting,2,4
NT Paranavitana,Struck down,Bowling,5,6
NT Paranavitana,Upheld,Batting,2,4
NT Paranavitana,Upheld,Bowling,1,6
OJ Pope,Struck down,Batting,2,4
OJ Pope,Struck down,Bowling,2,4
OJ Pope,Umpire's call,Bowling,2,4
OJ Pope,Upheld,Batting,2,4
P Kumar,Upheld,Bowling,1,1
P Utseya,Struck down,Batting,1,1
PA Patel,Struck down,Bowling,1,2
PA Patel,Upheld,Batting,1,1
PA Patel,Upheld,Bowling,1,2
PD Collingwood,Upheld,Bowling,1,1
PG Fulton,Upheld,Batting,1,1
PG Fulton,Upheld,Bowling,1,1
PHT Kaushal,Struck down,Batting,1,1
PHT Kaushal,Struck down,Bowling,1,1
PJ Cummins,Struck down,Batting,5,7
PJ Cummins,Struck down,Bowling,5,7
PJ Cummins,Upheld,Batting,2,7
PJ Cummins,Upheld,Bowling,2,7
PJ Hughes,Struck down,Batting,3,4
PJ Hughes,Struck down,Bowling,4,5
PJ Hughes,Upheld,Batting,1,4
PJ Hughes,Upheld,Bowling,1,5
PJ Malan,Struck down,Batting,1,1
PJ Malan,Struck down,Bowling,1,1
PJ Moor,Struck down,Batting,2,3
PJ Moor,Struck down,Bowling,1,1
PJ Moor,Upheld,Batting,1,3
PLS Gamage,Struck down,Batting,1,2
PLS Gamage,Umpire's call,Batting,1,2
PM Nevill,Struck down,Batting,2,3
PM Nevill,Struck down,Bowling,4,5
PM Nevill,Upheld,Batting,1,3
PM Nevill,Upheld,Bowling,1,5
PM Pushpakumara,Struck down,Batting,1,2
PM Pushpakumara,Struck down,Bowling,1,1
PM Pushpakumara,Upheld,Batting,1,2
PM Siddle,Struck down,Batting,3,5
PM Siddle,Struck down,Bowling,8,9
PM Siddle,Upheld,Batting,2,5
PM Siddle,Upheld,Bowling,1,9
PP Shaw,Umpire's call,Bowling,1,1
PR Stirling,Umpire's call,Batting,1,1
PSP Handscomb,Struck down,Bowling,6,7
PSP Handscomb,Upheld,Batting,1,1
PSP Handscomb,Upheld,Bowling,1,7
PVD Chameera,Struck down,Batting,1,1
PVD Chameera,Struck down,Bowling,2,2
Q de Kock,Struck down,Batting,6,11
Q de Kock,Struck down,Bowling,11,13
Q de Kock,Umpire's call,Batting,1,11
Q de Kock,Upheld,Batting,4,11
Q de Kock,Upheld,Bowling,2,13
Qais Ahmad,Umpire's call,Batting,1,1
R Ashwin,Struck down,Batting,3,6
R Ashwin,Struck down,Bowling,5,8
R Ashwin,Umpire's call,Batting,1,6
R Ashwin,Umpire's call,Bowling,1,8
R Ashwin,Upheld,Batting,2,6
R Ashwin,Upheld,Bowling,2,8
R Chandrika,Struck down,Batting,2,2
R Dravid,Struck down,Bowling,1,2
R Dravid,Upheld,Batting,1,1
R Dravid,Upheld,Bowling,1,2
R McLaren,Struck down,Bowling,1,1
R Mutumbami,Struck down,Batting,1,1
R Mutumbami,Struck down,Bowling,1,1
R Rampaul,Struck down,Bowling,1,2
R Rampaul,Upheld,Bowling,1,2
RA Jadeja,Struck down,Bowling,3,5
RA Jadeja,Upheld,Batting,3,3
RA Jadeja,Upheld,Bowling,2,5
RA Reifer,Umpire's call,Bowling,1,1
Rahat Ali,Struck down,Batting,2,3
Rahat Ali,Upheld,Batting,1,3
RAS Lakmal,Struck down,Batting,5,10
RAS Lakmal,Struck down,Bowling,10,10
RAS Lakmal,Umpire's call,Batting,2,10
RAS Lakmal,Upheld,Batting,3,10
RG Sharma,Struck down,Batting,2,4
RG Sharma,Struck down,Bowling,1,1
RG Sharma,Umpire's call,Batting,1,4
RG Sharma,Upheld,Batting,1,4
RJ Burns,Struck down,Batting,2,7
RJ Burns,Struck down,Bowling,2,8
RJ Burns,Umpire's call,Batting,1,7
RJ Burns,Umpire's call,Bowling,3,8
RJ Burns,Upheld,Batting,4,7
RJ Burns,Upheld,Bowling,3,8
RJ Harris,Struck down,Batting,3,4
RJ Harris,Struck down,Bowling,4,5
RJ Harris,Upheld,Batting,1,4
RJ Harris,Upheld,Bowling,1,5
RJ Peterson,Struck down,Bowling,1,1
RL Chase,Struck down,Batting,3,9
RL Chase,Struck down,Bowling,5,10
RL Chase,Umpire's call,Batting,2,9
RL Chase,Umpire's call,Bowling,1,10
RL Chase,Upheld,Batting,4,9
RL Chase,Upheld,Bowling,4,10
RMS Eranga,Struck down,Bowling,2,3
RMS Eranga,Upheld,Bowling,1,3
Robiul Islam,Struck down,Batting,1,1
RR Pant,Struck down,Bowling,1,1
RR Sarwan,Struck down,Bowling,1,3
RR Sarwan,Upheld,Bowling,2,3
RRS Cornwall,Struck down,Batting,1,1
RT Ponting,Struck down,Batting,3,3
RT Ponting,Struck down,Bowling,5,7
RT Ponting,Upheld,Bowling,2,7
Rubel Hossain,Struck down,Bowling,1,1
Rubel Hossain,Upheld,Batting,1,1
RW Chakabva,Struck down,Batting,2,4
RW Chakabva,Struck down,Bowling,2,3
RW Chakabva,Umpire's call,Bowling,1,3
RW Chakabva,Upheld,Batting,2,4
RW Price,Struck down,Bowling,2,2
S Chanderpaul,Struck down,Batting,4,8
S Chanderpaul,Struck down,Bowling,7,10
S Chanderpaul,Upheld,Batting,4,8
S Chanderpaul,Upheld,Bowling,3,10
S Dhawan,Struck down,Batting,1,1
S Dhawan,Struck down,Bowling,5,6
S Dhawan,Upheld,Bowling,1,6
S Muthusamy,Struck down,Batting,1,1
S Muthusamy,Struck down,Bowling,1,1
S Randiv,Struck down,Batting,1,1
S Samarawickrama,Struck down,Batting,1,1
S Samarawickrama,Struck down,Bowling,1,1
S Shillingford,Struck down,Bowling,3,3
S van Zyl,Struck down,Batting,1,2
S van Zyl,Struck down,Bowling,2,2
S van Zyl,Upheld,Batting,1,2
Sabbir Rahman,Struck down,Batting,2,4
Sabbir Rahman,Struck down,Bowling,6,7
Sabbir Rahman,Upheld,Batting,2,4
Sabbir Rahman,Upheld,Bowling,1,7
Saeed Ajmal,Struck down,Batting,2,3
Saeed Ajmal,Struck down,Bowling,1,2
Saeed Ajmal,Upheld,Batting,1,3
Saeed Ajmal,Upheld,Bowling,1,2
Sami Aslam,Struck down,Batting,2,3
Sami Aslam,Struck down,Bowling,4,6
Sami Aslam,Upheld,Batting,1,3
Sami Aslam,Upheld,Bowling,2,6
Sarfraz Ahmed,Struck down,Batting,2,6
Sarfraz Ahmed,Struck down,Bowling,10,13
Sarfraz Ahmed,Umpire's call,Batting,2,6
Sarfraz Ahmed,Umpire's call,Bowling,1,13
Sarfraz Ahmed,Upheld,Batting,2,6
Sarfraz Ahmed,Upheld,Bowling,2,13
SC Cook,Struck down,Batting,1,1
SC Cook,Struck down,Bowling,4,4
SC Williams,Struck down,Batting,1,2
SC Williams,Upheld,Batting,1,2
SC Williams,Upheld,Bowling,1,1
SCJ Broad,Struck down,Batting,9,11
SCJ Broad,Struck down,Bowling,11,18
SCJ Broad,Umpire's call,Bowling,1,18
SCJ Broad,Upheld,Batting,2,11
SCJ Broad,Upheld,Bowling,6,18
SD Hope,Struck down,Batting,4,8
SD Hope,Struck down,Bowling,11,13
SD Hope,Umpire's call,Bowling,1,13
SD Hope,Upheld,Batting,4,8
SD Hope,Upheld,Bowling,1,13
SE Marsh,Struck down,Batting,2,7
SE Marsh,Struck down,Bowling,11,16
SE Marsh,Umpire's call,Batting,2,7
SE Marsh,Umpire's call,Bowling,2,16
SE Marsh,Upheld,Batting,3,7
SE Marsh,Upheld,Bowling,3,16
SF Mire,Struck down,Batting,1,1
SH Lewis,Struck down,Batting,2,2
SH Lewis,Struck down,Bowling,1,1
Shadab Khan,Struck down,Bowling,1,2
Shadab Khan,Upheld,Batting,1,1
Shadab Khan,Upheld,Bowling,1,2
Shadman Islam,Struck down,Bowling,1,1
Shadman Islam,Umpire's call,Batting,1,1
Shafiul Islam,Struck down,Batting,1,3
Shafiul Islam,Struck down,Bowling,2,2
Shafiul Islam,Upheld,Batting,2,3
Shaheen Shah Afridi,Struck down,Batting,2,3
Shaheen Shah Afridi,Struck down,Bowling,1,2
Shaheen Shah Afridi,Umpire's call,Batting,1,3
Shaheen Shah Afridi,Upheld,Bowling,1,2
Shakib Al Hasan,Struck down,Batting,2,3
Shakib Al Hasan,Struck down,Bowling,4,4
Shakib Al Hasan,Upheld,Batting,1,3
Shamsur Rahman,Upheld,Bowling,2,2
Shan Masood,Struck down,Batting,6,12
Shan Masood,Struck down,Bowling,7,11
Shan Masood,Umpire's call,Batting,2,12
Shan Masood,Umpire's call,Bowling,2,11
Shan Masood,Upheld,Batting,4,12
Shan Masood,Upheld,Bowling,2,11
Shoaib Malik,Upheld,Batting,1,1
Shuvagata Hom,Struck down,Bowling,1,2
Shuvagata Hom,Upheld,Bowling,1,2
Sikandar Raza,Struck down,Batting,2,3
Sikandar Raza,Struck down,Bowling,3,3
Sikandar Raza,Upheld,Batting,1,3
SJ Benn,Struck down,Bowling,1,1
SJ Benn,Upheld,Batting,1,1
SK Raina,Struck down,Bowling,1,1
SM Curran,Struck down,Batting,1,2
SM Curran,Umpire's call,Bowling,2,2
SM Curran,Upheld,Batting,1,2
SM Katich,Upheld,Batting,1,1
SNJ O'Keefe,Struck down,Batting,1,2
SNJ O'Keefe,Struck down,Bowling,2,2
SNJ O'Keefe,Upheld,Batting,1,2
SO Dowrich,Struck down,Batting,7,12
SO Dowrich,Struck down,Bowling,7,11
SO Dowrich,Umpire's call,Batting,2,12
SO Dowrich,Umpire's call,Bowling,2,11
SO Dowrich,Upheld,Batting,3,12
SO Dowrich,Upheld,Bowling,2,11
SO Hetmyer,Struck down,Bowling,1,1
SO Hetmyer,Upheld,Batting,3,3
Sohail Khan,Struck down,Bowling,3,3
Sohail Khan,Upheld,Batting,1,1
Soumya Sarkar,Struck down,Bowling,2,3
Soumya Sarkar,Upheld,Bowling,1,3
SPD Smith,Struck down,Batting,10,18
SPD Smith,Struck down,Bowling,16,23
SPD Smith,Umpire's call,Batting,1,18
SPD Smith,Umpire's call,Bowling,1,23
SPD Smith,Upheld,Batting,7,18
SPD Smith,Upheld,Bowling,6,23
SR Harmer,Struck down,Bowling,1,1
SR Watson,Struck down,Batting,8,11
SR Watson,Struck down,Bowling,11,13
SR Watson,Upheld,Batting,3,11
SR Watson,Upheld,Bowling,2,13
SSJ Brooks,Struck down,Batting,2,2
SSJ Brooks,Struck down,Bowling,1,1
ST Finn,Struck down,Batting,2,4
ST Finn,Struck down,Bowling,4,4
ST Finn,Upheld,Batting,2,4
ST Gabriel,Struck down,Batting,5,9
ST Gabriel,Struck down,Bowling,8,8
ST Gabriel,Umpire's call,Batting,1,9
ST Gabriel,Upheld,Batting,3,9
Sunzamul Islam,Struck down,Bowling,1,1
SW Ambris,Struck down,Batting,2,4
SW Ambris,Struck down,Bowling,2,2
SW Ambris,Umpire's call,Batting,1,4
SW Ambris,Upheld,Batting,1,4
SW Masakadza,Struck down,Batting,1,1
T Bavuma,Struck down,Batting,3,5
T Bavuma,Struck down,Bowling,10,14
T Bavuma,Upheld,Batting,2,5
T Bavuma,Upheld,Bowling,4,14
T Maruma,Struck down,Batting,1,2
T Maruma,Upheld,Batting,1,2
T Panyangara,Struck down,Bowling,3,3
T Panyangara,Upheld,Batting,1,1
T Shamsi,Upheld,Bowling,1,1
T Taibu,Struck down,Bowling,1,1
T Westley,Upheld,Bowling,1,1
TA Blundell,Struck down,Batting,1,3
TA Blundell,Struck down,Bowling,4,7
TA Blundell,Umpire's call,Batting,1,3
TA Blundell,Umpire's call,Bowling,3,7
TA Blundell,Upheld,Batting,1,3
TA Boult,Struck down,Batting,1,1
TA Boult,Struck down,Bowling,3,4
TA Boult,Upheld,Bowling,1,4
Taijul Islam,Struck down,Batting,1,3
Taijul Islam,Struck down,Bowling,5,9
Taijul Islam,Upheld,Batting,2,3
Taijul Islam,Upheld,Bowling,4,9
TAM Siriwardana,Upheld,Batting,1,1
Tamim Iqbal,Struck down,Batting,3,8
Tamim Iqbal,Struck down,Bowling,9,15
Tamim Iqbal,Umpire's call,Batting,1,8
Tamim Iqbal,Umpire's call,Bowling,2,15
Tamim Iqbal,Upheld,Batting,4,8
Tamim Iqbal,Upheld,Bowling,4,15
Tanvir Ahmed,Struck down,Batting,1,1
Tanvir Ahmed,Struck down,Bowling,1,1
Taskin Ahmed,Struck down,Batting,1,3
Taskin Ahmed,Upheld,Batting,2,3
Taskin Ahmed,Upheld,Bowling,2,2
Taufeeq Umar,Struck down,Batting,1,1
Taufeeq Umar,Struck down,Bowling,1,1
TB de Bruyn,Struck down,Bowling,3,6
TB de Bruyn,Umpire's call,Bowling,3,6
TD Paine,Struck down,Batting,3,8
TD Paine,Struck down,Bowling,6,9
TD Paine,Umpire's call,Batting,1,8
TD Paine,Umpire's call,Bowling,1,9
TD Paine,Upheld,Batting,4,8
TD Paine,Upheld,Bowling,2,9
TG Southee,Struck down,Batting,4,4
TG Southee,Struck down,Bowling,1,2
TG Southee,Upheld,Bowling,1,2
TK Curran,Upheld,Bowling,1,1
TK Musakanda,Upheld,Bowling,1,1
TL Best,Struck down,Batting,1,1
TL Best,Struck down,Bowling,1,1
TL Chatara,Struck down,Batting,2,2
TM Dilshan,Struck down,Batting,2,2
TM Head,Struck down,Batting,1,2
TM Head,Struck down,Bowling,3,6
TM Head,Umpire's call,Batting,1,2
TM Head,Umpire's call,Bowling,2,6
TM Head,Upheld,Bowling,1,6
TMK Mawoyo,Upheld,Batting,1,1
TS Chisoro,Struck down,Bowling,1,1
TT Bresnan,Struck down,Bowling,2,2
TT Samaraweera,Struck down,Batting,2,4
TT Samaraweera,Struck down,Bowling,3,4
TT Samaraweera,Upheld,Batting,2,4
TT Samaraweera,Upheld,Bowling,1,4
TWM Latham,Struck down,Batting,5,11
TWM Latham,Struck down,Bowling,14,19
TWM Latham,Umpire's call,Batting,1,11
TWM Latham,Umpire's call,Bowling,1,19
TWM Latham,Upheld,Batting,5,11
TWM Latham,Upheld,Bowling,4,19
Umar Gul,Struck down,Batting,2,2
Umar Gul,Struck down,Bowling,1,2
Umar Gul,Upheld,Bowling,1,2
Usman Salahuddin,Umpire's call,Batting,1,1
UT Khawaja,Struck down,Batting,8,11
UT Khawaja,Struck down,Bowling,10,17
UT Khawaja,Umpire's call,Batting,2,11
UT Khawaja,Umpire's call,Bowling,2,17
UT Khawaja,Upheld,Batting,1,11
UT Khawaja,Upheld,Bowling,5,17
UT Yadav,Struck down,Bowling,1,1
UWMBCA Welegedara,Upheld,Batting,1,1
V Kohli,Struck down,Batting,9,15
V Kohli,Struck down,Bowling,16,19
V Kohli,Umpire's call,Batting,4,15
V Kohli,Umpire's call,Bowling,1,19
V Kohli,Upheld,Batting,2,15
V Kohli,Upheld,Bowling,2,19
V Permaul,Upheld,Batting,1,1
V Permaul,Upheld,Bowling,1,1
V Sehwag,Upheld,Bowling,1,1
V Sibanda,Struck down,Batting,1,1
VA Singh,Struck down,Batting,1,1
VA Singh,Struck down,Bowling,1,1
VD Philander,Struck down,Batting,9,13
VD Philander,Struck down,Bowling,8,11
VD Philander,Upheld,Batting,4,13
VD Philander,Upheld,Bowling,3,11
VVS Laxman,Struck down,Bowling,2,2
WA Young,Struck down,Bowling,1,1
Wahab Riaz,Struck down,Batting,3,3
Wahab Riaz,Struck down,Bowling,3,6
Wahab Riaz,Upheld,Bowling,3,6
WD Parnell,Struck down,Bowling,1,1
WER Somerville,Struck down,Bowling,1,1
WER Somerville,Upheld,Batting,2,2
WP Masakadza,Struck down,Batting,1,1
WP Saha,Struck down,Batting,4,6
WP Saha,Struck down,Bowling,10,10
WP Saha,Umpire's call,Batting,1,6
WP Saha,Upheld,Batting,1,6
WU Tharanga,Struck down,Batting,1,2
WU Tharanga,Struck down,Bowling,3,4
WU Tharanga,Upheld,Batting,1,2
WU Tharanga,Upheld,Bowling,1,4
Yamin Ahmadzai,Upheld,Bowling,1,1
Yasir Shah,Struck down,Batting,4,11
Yasir Shah,Struck down,Bowling,4,6
Yasir Shah,Umpire's call,Batting,2,11
Yasir Shah,Upheld,Batting,5,11
Yasir Shah,Upheld,Bowling,2,6
Younis Khan,Struck down,Batting,12,19
Younis Khan,Struck down,Bowling,18,20
Younis Khan,Upheld,Batting,7,19
Younis Khan,Upheld,Bowling,2,20
Yuvraj Singh,Struck down,Bowling,1,1
Z Crawley,Struck down,Bowling,1,2
Z Crawley,Umpire's call,Batting,1,1
Z Crawley,Upheld,Bowling,1,2
ZS Ansari,Struck down,Batting,2,2
Zubayr Hamza,Struck down,Bowling,1,1
Zulfiqar Babar,Struck down,Batting,2,2
Zulfiqar Babar,Struck down,Bowling,1,1
